1,asd,1,1
2,asd,1,1
3,asd,1,1
4,asd,1,1
5,asd,1,1
6,asd,1,1
7,asd,1,1
8,asd,1,1
9,asd,1,1
10,asd,1,1
11,asd,1,1
12,asd,1,1
13,asd,1,1
14,asd,1,1
15,asd,1,1
16,asd,1,1
17,asd,1,1
18,asd,1,1
19,123,1,1
20,123,1,1
21,123,1,1
22,123,1,1
23,123,1,1
24,123,1,1
25,123,1,1
26,123,1,1
27,123,1,1
28,123,1,1
29,123,1,1
30,123,1,1
31,123,1,1
32,123,1,1
33,123,1,1
34,123,1,1
35,123,1,1
36,123,1,1
37,123,1,1
38,123,1,1
39,123,1,1
40,123,1,1
41,123,1,1
42,123,1,1
43,123,1,1
44,123,1,1
45,123,1,1
46,123,1,1
47,123,1,1
48,123,1,1
49,123,1,1
50,123,1,1
51,123,1,1
52,123,1,1
53,123,1,1
54,123,1,1
55,123,1,1
56,123,1,1
57,123,1,1
58,123,1,1
59,123,1,1
60,123,1,1
61,123,1,1
62,123,1,1
63,123,1,1
64,123,1,1
65,123,1,1
66,123,1,1
67,123,1,1
68,123,1,1
69,123,1,1
70,123,1,1
71,123,1,1
72,123,1,1
73,123,1,1
74,123,1,1
75,123,1,1
76,123,1,1
77,123,1,1
78,123,1,1
79,123,1,1
80,123,1,1
